BIPA	GRAPHEME	COLUMN	COUNT	NOTE
(!)bɗ	bɗ	703	0	
(!)gǁkxˀ	ɡǁkˣˀ	204	3	
(!)gǂkxˀ	ɡǂkˣˀ	282	3	
(!)gǃkxˀ	ɡ!kˣˀ	216	3	
(!)gʘkxˀ	ɡʘkˣˀ	256	1	
(!)pˀkxˀ	pˀkˣˀ	611	1	
(!)ǁkxˀ	ǁkˣˀ	166	1	
(!)ǂkxˀ	ǂkˣˀ	189	1	
(!)ǃkxˀ	!kˣˀ	208	1	
(!)ʘkxˀ	ʘkˣˀ	206	1	
(*)ⁿǁ	nǁ	161	29	
(*)ⁿǁ	n̥ǁ	260	2	
(*)ⁿǁ	ˀnǁ	237	1	
(*)ⁿǁʰ	nǁʰ	244	1	
(*)ⁿǁʰ	n̥ǁʰ	274	2	
(*)ⁿǁʱ	nǁʱ	236	2	
(*)ⁿǁˀʰ	nǁˀʰ	217	1	
(*)ⁿǂ	nǂ	280	17	
(*)ⁿǂ	n̥ǂ	201	1	
(*)ⁿǂ	ˀnǂ	211	1	
(*)ⁿǂʰ	n̥ǂʰ	251	2	
(*)ⁿǂʱ	nǂʱ	188	2	
(*)ⁿǂˀʰ	nǂˀʰ	162	1	
(*)ⁿʘ	nʘ	176	4	
(*)ⁿʘ	n̥ʘ	192	1	
(*)ⁿʘ	ˀnʘ	157	1	
(*)ⁿʘʱ	nʘʱ	246	1	
(?)	!ˣ	196	20	
(?)	!ˣˀ	197	14	
(?)	+	184	0	This sound is not described in the source. @lingulist
(?)	+kˣˀ	205	0	This sound is not described in the source. @lingulist
(?)	+ˀ	227	0	This sound is not described in the source. @lingulist
(?)	+ˣ	272	0	This sound is not described in the source. @lingulist
(?)	/ˣ	243	24	
(?)	/ˣˀ	288	15	
(?)	B	711	6	
(?)	G	660	23	
(?)	G!	222	1	
(?)	G!ʰ	159	1	
(?)	G/	229	1	
(?)	G/ʰ	218	1	
(?)	Gǁ	241	1	
(?)	Gǁʰ	279	1	
(?)	Gǂ	202	1	
(?)	Gǂʰ	290	1	
(?)	Gʘ	167	1	
(?)	Gʘʰ	160	1	
(?)	Gʷ	666	2	
(?)	I	405	298	
(?)	I̤	408	2	
(?)	L	451	8	
(?)	L̥	449	1	
(?)	N	537	14	
(?)	N	481	1	
(?)	P	722	2	
(?)	R	724	1	
(?)	Y	411	10	
(?)	bdᶻ	112	0	
(?)	bɡ̌	36	0	
(?)	bɮ	461	0	
(?)	bɹ	728	1	
(?)	bͮ	12	14	
(?)	bͮ	67	2	
(?)	bᵚ	683	1	
(?)	bᶻ̌	59	2	
(?)	cʹ	74	4	
(?)	cʹˀ	22	0	
(?)	cˣ	609	7	
(?)	čˣ	97	4	
(?)	c̯	465	3	
(?)	cᵚ	482	4	
(?)	cᶛ	472	22	
(?)	dˣ	599	1	
(?)	ḍ	653	161	
(?)	ḍʳ	35	2	
(?)	ḍˀ	586	1	
(?)	ḍː	673	1	
(?)	ḍ̰	632	1	
(?)	ḍᶻ	69	6	
(?)	d̤̣	588	36	
(?)	d̤ᶻ	115	7	
(?)	d̯	638	21	
(?)	d̯ᶞ	118	1	
(?)	dᵝ	65	1	
(?)	dᵞ	15	1	
(?)	dᶻˣ	114	1	
(?)	dᶻᵞ	63	1	
(?)	e˃	415	1	
(?)	e̅	413	1	
(?)	fç	386	0	
(?)	fs	322	0	
(?)	fˢ̌	370	2	
(?)	h˜	367	11	
(?)	hᵚ	318	1	
(?)	j^	384	4	
(?)	k^	567	2	
(?)	kːˣ	84	4	
(?)	kːˣˀ	87	2	
(?)	kᵚ	696	1	
(?)	l˜	452	1	
(?)	ľ	458	38	
(?)	ḷ̌	447	7	
(?)	l̥ᵚ	435	1	
(?)	l̯	448	33	
(?)	lᵚ	442	15	
(?)	mn˜	544	0	
(?)	mᵚ	558	1	
(?)	mᶛ	538	1	
(?)	n!	183	24	
(?)	n!n	185	2	
(?)	n!ʰ	207	1	
(?)	n!ʱ	269	2	
(?)	n!ˀʰ	171	1	
(?)	n!ˣ	273	1	
(?)	n+	191	0	
(?)	n/	198	31	
(?)	n/n	214	2	
(?)	n/ʰ	252	2	
(?)	n/ʱ	200	2	
(?)	n/ˀʰ	195	1	
(?)	n/ˣ	181	3	
(?)	nǁn	253	2	
(?)	nǁˣ	168	3	
(?)	nǂn	238	2	
(?)	nǂˣ	199	1	
(?)	n˜	545	801	
(?)	n˜̥	554	24	
(?)	n̥!	261	2	
(?)	n̥!ʰ	232	2	
(?)	n̥/	276	2	
(?)	n̥/ʰ	283	2	
(?)	n̥˜	515	5	
(?)	n̪ᵚ	543	1	
(?)	n̯	549	57	
(?)	o˂	140	1	
(?)	pč	126	0	
(?)	pˢ̌ʰ	82	2	
(?)	pˢ̌ˀ	30	2	
(?)	q!	248	7	
(?)	q!ʰ	172	1	
(?)	q!ˀ	264	1	
(?)	q/	259	10	
(?)	q/ʰ	233	1	
(?)	q/ˀ	194	1	
(?)	qǁ	226	8	
(?)	qǁʰ	285	1	
(?)	qǁˀ	182	1	
(?)	qǂ	219	8	
(?)	qǂʰ	213	1	
(?)	qǂˀ	170	1	
(?)	qʘ	215	1	
(?)	qʘʰ	158	1	
(?)	qʘˀ	277	1	
(?)	qːᵡ	43	4	
(?)	qːᵡˀ	91	3	
(?)	qᶛ	614	1	
(?)	ř	706	3	
(?)	rᵚ	721	2	
(?)	rᶻ̌	733	3	
(?)	sʹ	348	1	
(?)	tˢˣ	119	18	
(?)	tˣ	651	13	
(?)	tˣˀ	579	2	
(?)	t̪ᵚ	623	1	
(?)	tᴮ	27	1	
(?)	tᶲʰ	125	1	
(?)	vj^	380	0	
(?)	vz	385	0	
(?)	vʔ	494	0	
(?)	vˀ_v	497	1	
(?)	vˀv	495	0	
(?)	v˜	502	462	
(?)	v˜ː	506	111	
(?)	v˜̤	505	4	
(?)	v˜̰	493	7	
(?)	v˜ᶛ	490	3	
(?)	v̅	508	3	
(?)	v̤̅	492	1	
(?)	vᶛ	509	5	
(?)	w˜	420	13	
(?)	zʹ	397	1	
(?)	z̥̣	296	1	
(?)	ŋ^	547	3	
(?)	ŋᵚ	541	1	
(?)	ǁˣ	163	24	
(?)	ǁˣˀ	174	15	
(?)	ǂˣ	245	17	
(?)	ǂˣˀ	266	13	
(?)	ȷ˜	433	6	
(?)	ɗ̣	616	20	
(?)	ɗ̪	561	1	
(?)	ɟ́	24	2	
(?)	ɠ̌	88	2	
(?)	ɡ!n	271	8	
(?)	ɡ!ˣ	254	3	
(?)	ɡ/n	156	13	
(?)	ɡ/ˣ	164	5	
(?)	ɡ^	575	2	
(?)	ɡǁn	270	13	
(?)	ɡǁˣ	209	7	
(?)	ɡǂn	223	7	
(?)	ɡǂˣ	267	2	
(?)	ɡʘˣ	228	1	
(?)	ɡ́	17	0	
(?)	ɡ̌	21	601	
(?)	ɡ̌ʷ	85	1	
(?)	ɡ̌ː	26	1	
(?)	ɡ̤̌	38	36	
(?)	ɡ̰̌	19	1	
(?)	ɡ̣̌	64	4	
(?)	ɡᵞ	93	1	
(?)	ɣ˜	369	2	
(?)	ɥ˜	429	1	
(?)	ɨ̅	149	1	
(?)	ɬ̣	438	2	
(?)	ɹ́	717	1	
(?)	ɹ̣	727	98	
(?)	ɹ̣̥	729	1	
(?)	ɾ˜	714	3	
(?)	ɾ̌	708	1	
(?)	ɾ̣	712	77	
(?)	ɾ̣̤	736	6	
(?)	ʎ̣	437	1	
(?)	ʎᵚ	455	1	
(?)	ʔ˜	676	1	
(?)	ʘˣ	220	3	
(?)	ʘˣˀ	268	1	
(?)	ʯʷ	320	32	
(?)	ʯˀʷ	353	1	
(?)	ʰč	102	2	
(?)	ˀn!	203	1	
(?)	ˀn/	212	1	
(?)	ˀn˜	517	3	
(?)	ˀẓ	310	1	
(?)	ˀɗ̣	693	1	
(?)	ˀɡ̌	89	2	
(?)	β˜	381	1	
(?)	ᴳqʰ	563	1	
(?)	ᴺG	585	2	
(?)	ᵇpʰ	621	1	
(?)	ᵈčˀ	92	1	
(?)	ᵈtʰ	668	2	
(?)	ᵈtˢʰ	48	2	
(?)	ᵈtˢˀ	96	2	
(?)	ᵈtˢˣ	108	1	
(?)	ᵈt̪ˀ	105	1	
(?)	ᵈt̪ˣ	568	1	
(?)	ᵈzˣ	382	1	
(?)	ᵈžʰ	311	1	
(?)	ᵈžˣ	366	1	
(?)	ᵑ!ᶢ	193	2	
(?)	ᵑ/ᶢ	257	3	
(?)	ᵑǁᶢ	287	2	
(?)	ᵑͫɡb	619	5	
(?)	ᶡčʰ	13	1	
(?)	ᶡčˀ	39	1	
(?)	ᶢkʰ	572	2	
(?)	ⁿḍ	583	7	
(?)	ⁿd̪ᶻ	76	2	
(?)	ⁿdᶻ	95	13	
(?)	ⁿ̃čʰ	23	1	
(?)	ⁿ̃ž	329	4	
(?)	ⁿ̃ɟ	645	20	
(?)	ⁿ̃ɡ̌	81	44	
(?)	ⁿ̃ɡ̣̌	37	1	
(?)	ⁿ̯d̯	704	1	
(?)gǀkxˀ	ɡ/kˣˀ	169	3	
(?)ǀkxˀ	/kˣˀ	165	1	
(?)ⁿǀ	ᵑ/	190	2	
a	a	154	1876	
aː	aː	151	1	
a̤	a̤	147	4	
a̰	a̰	155	1	
b	b	641	1347	
b	b	618	171	
bd	bd	669	1	
bʱ	b̤	652	47	
bʷ	bʷ	612	7	
bʷ	bʷ	635	1	
bˀ	bˀ	591	2	
bˡ	bˡ	117	1	
b̰	b̰	637	1	
bβ	bᵝ	77	1	
c	c	642	305	
cʰ	cʰ	685	34	
cʱ	c̤	483	1	
cʲ	cʲ	476	130	
cʲʷ	cʲʷ	469	1	
cʲː	cʲː	473	4	
cʷ	cʷ	485	234	
cˀ	cˀ	626	13	
cː	cː	681	2	
cː	cːː	480	1	
c̠ʲ	cʲ̱	484	1	
c̥	c̥	470	5	
ç	ç	324	30	
çː	çː	391	9	
cⁿ	cᴺ	468	1	
d	d	643	1310	
dz	dᶻ	78	225	
dzʱ	dᶻʱ	109	1	
dzˀ	dᶻˀ	54	1	
dð	dᶞ	116	2	
dʱ	d̤	631	49	
dʲ	dʲ	574	8	
dʳ	dʳ	44	3	
dˀ	dˀ	570	5	
dˡ	dˡ	52	16	
d̪	d̪	589	38	
d̪ʱ	d̪̤	675	1	
d̰	d̰	603	1	
e	e	400	1444	
e̤	e̤	404	2	
ḛ	ḛ	414	1	
f	f	337	740	
fʰ	fʰ	362	2	
fʷ	fʷ	333	6	
fˀ	fˀ	388	4	
g	ɡ	662	1225	
gb	ɡb	576	165	
gbʷ	ɡbʷ	663	2	
gd	ɡd	578	1	
gǀ	ɡ/	278	27	
gǀˀʰ	ɡ/ˀʰ	265	1	
gǁ	ɡǁ	249	25	
gǁˀʰ	ɡǁˀʰ	286	1	
gǂ	ɡǂ	235	16	
gǂˀʰ	ɡǂˀʰ	224	1	
gǃ	ɡ!	263	20	
gǃˀʰ	ɡ!ˀʰ	250	1	
gʘ	ɡʘ	258	3	
gʱ	ɡ̤	562	49	
gʲ	ɡʲ	677	3	
gʷ	ɡʷ	610	61	
gʷʱ	ɡ̤ʷ	689	0	
gʷː	ɡːʷ	590	1	
gˀ	ɡˀ	670	1	
gː	ɡː	691	1	
g̰	ɡ̰	699	1	
h	h	338	1248	
hʲ	hʲ	387	1	
hʷ	hʷ	372	21	
i	i	401	1866	
i̠	i̱	399	2	
i̤	i̤	402	5	
j	j	418	1855	
jʱ	j̤	431	2	
jˀ	jˀ	426	7	
j̊	j̥	419	28	
k	k	648	2032	
kp	kp	580	172	
kpʷ	kpʷ	664	2	
kt	kt	582	1	
kx	kˣ	123	10	
kxˀ	kˣˀ	692	2	
kʰ	kʰ	640	310	
kʲ	kʲ	680	14	
kʲˀ	kˀʲ	698	1	
kʷ	kʷ	560	181	
kʷʰ	kʰʷ	644	18	
kʷˀ	kˀʷ	700	55	
kˀ	kˀ	608	225	
kː	kː	655	2	
kˡ	kˡ	14	1	
kˡˀ	kˡˀ	25	1	
l	l	439	1650	
lʱ	l̤	443	10	
lʲ	lʲ	464	3	
lˀ	lˀ	459	4	
l̥	l̥	456	49	
l̩	ḷ	462	105	
l̩ʱ	ḷ̤	460	2	
l̩̥	ḷ̥	441	1	
l̪	l̪	453	9	
l̪̥	l̪̥	436	1	
m	m	524	2044	
mʱ	mʱ	536	1	
mʱ	m̤	555	10	
mʷ	mʷ	530	4	
mˀ	mˀ	540	8	
mˡ	mˡ	513	5	
m̥	m̥	529	56	
m̥ˡ	m̥ˡ	551	3	
n	n	525	2050	
nm	nm	533	0	
nʱ	nʱ	520	1	
nʱ	n̤	542	10	
nʲ	nʲ	539	4	
nʷ	nʷ	557	0	
nˀ	nˀ	531	7	
n̥	n̥	516	63	
n̩	ṇ	528	142	
n̩ʱ	ṇ̤	546	1	
n̩̥	ṇ̥	519	2	
n̪	n̪	556	27	
n̪̥	n̪̥	514	0	
o	o	130	1532	
o̤	o̤	133	2	
o̰	o̰	142	1	
p	p	657	1843	
p	p	634	2	
pf	pᶠ	120	20	
pfʰ	pᶠʰ	75	1	
pfˀ	pᶠˀ	121	2	
pfˀ	pᶠˀ	106	1	
pt	pt	701	1	
ptˢ	ptˢ	71	0	
pɸ	pᶲ	58	2	
pʰ	pʰ	597	283	
pʰ	pʰ	665	3	
pʱ	pʱ	577	1	
pʷ	pʷ	654	5	
pˀ	pˀ	667	154	
pˀ	pˀ	41	1	
pː	pː	573	1	
pˡ	pˡ	111	6	
pˡʰ	pˡʰ	50	5	
pˢ	pˢ	124	2	
q	q	658	236	
qʰ	qʰ	587	28	
qʷ	qʷ	702	45	
qʷʰ	qʰʷ	617	3	
qʷˀ	qˀʷ	594	33	
qˀ	qˀ	690	101	
qχ	qᵡ	51	17	
qχʰ	qᵡʰ	45	2	
qχʷ	qᵡʷ	56	1	
qχʷˀ	qᵡˀʷ	57	1	
qχˀ	qᵡˀ	46	16	
r	r	713	1077	
rʱ	r̤	718	7	
rʲ	rʲ	732	4	
rˀ	rˀ	710	1	
ṛʷ	ṛʷ	726	1	
r̥	r̥	731	27	
r̪	r̪	730	3	
s	s	343	1767	
sʰ	sʰ	300	18	
sʲ	sʲ	326	3	
sʷ	sʷ	313	3	
sˀ	sˀ	306	21	
sː	sː	376	2	
s̪	s̪	319	7	
s̪ˀː	s̪ːˀ	328	3	
t	t	661	2035	
tp	tp	649	0	
ts	tˢ	98	558	
tsʰ	tˢʰ	60	110	
tsʱ	tˢʱ	28	1	
tsʷˀ	tˢˀʷ	34	1	
tsˀ	tˢˀ	94	188	
tʃ	č	47	969	
tʃʰ	čʰ	40	159	
tʃʲ	čʲ	80	0	
tʃʷ	čʷ	33	1	
tʃʷʰ	čʰʷ	16	1	
tʃˀ	čˀ	86	185	
tʃː	čː	101	1	
tʰ	tʰ	569	322	
tʱ	tʱ	684	1	
tʲ	tʲ	625	9	
tʲ	t̯	601	48	Looks like NAPA style palatal marker. @lingulist
tʲʰ	t̯ʰ	678	1	Looks like NAPA style palatal marker. @lingulist
tʳ	tʳ	83	7	
tˀ	tˀ	627	228	
tː	tː	593	3	
tˡ	tˡ	90	63	
tˡʰ	tˡʰ	104	15	
tˡˀ	tˡˀ	62	71	
tˡˀː	tːˡˀ	68	2	
tˡː	tːˡ	11	3	
t̥ˡ	tˡ̥	10	1	
t̥ˡʰ	tˡ̥ʰ	49	1	
t̪	t̪	565	53	
t̪ʰ	t̪ʰ	682	2	
t̪ʷ	t̪ʷ	695	1	
t̪ˀ	t̪ˀ	679	1	
tθ	tᶿ	18	5	
tθʰ	tᶿʰ	103	3	
tθˀ	tᶿˀ	107	5	
u	u	132	1779	
u̠	u̱	135	2	
ṳ	ṳ	136	4	
v	v	347	596	
v	v	330	3	
vʰ	vʰ	398	1	
vʱ	v̤	496	40	
vʱː	vː̤	499	1	
vʱː	v̤ː	511	8	
vʷ	vʷ	294	2	
vˀ	vˀ	512	3	
vː	vː	491	968	
vː	vː	500	2	
vː	vː	507	1	
v̠	v̱	489	3	
v̥	v̊	709	14	
v̥	v̥	504	4	
v̰	v̰	510	31	
v̰ː	vː̰	487	1	
v̰ː	v̰ː	503	6	
w	w	424	1684	
wʱ	w̤	416	1	
wˀ	wˀ	430	6	
w̥	w̥	423	41	
x	x	350	476	
xʰ	xʰ	378	1	
xʷ	xʷ	375	59	
xʷˀ	xˀʷ	349	1	
xˀ	xˀ	299	4	
y	y	407	140	
z	z	352	597	
zʱ	zʱ	383	1	
zʱ	z̤	371	1	
zʷ	zʷ	355	1	
zˀ	zˀ	331	1	
z̪	z̪	351	3	
z̪ʲ	z̪ʲ	360	1	
æ	æ	403	161	
ð	ð	293	112	
ðʲ	ðʲ	334	1	
ø	ø	406	106	
ħ	ħ	297	53	
ŋ	ŋ	553	1206	
ŋm	ŋm	518	40	
ŋʲ	ŋʲ	548	1	
ŋʷ	ŋʷ	523	29	
ŋˀ	ŋˀ	527	2	
ŋ̊	ŋ̥	559	30	
ŋ̥ʲ	ŋ̥ʲ	550	1	
ŋ̥ʷ	ŋ̥ʷ	521	1	
œ	œ	412	33	
ǀ	/	187	34	
ǀʰ	/ʰ	175	29	
ǀʱ	/ʱ	240	2	
ǀˀ	/ˀ	180	28	
ǀˀʰ	/ˀʰ	242	1	
ǁ	ǁ	230	33	
ǁʰ	ǁʰ	239	28	
ǁʱ	ǁʱ	289	2	
ǁˀ	ǁˀ	225	27	
ǁˀʰ	ǁˀʰ	281	1	
ǂ	ǂ	186	20	
ǂʰ	ǂʰ	177	19	
ǂʱ	ǂʱ	210	2	
ǂˀ	ǂˀ	284	18	
ǂˀʰ	ǂˀʰ	234	1	
ǃ	!	173	29	
ǃʰ	!ʰ	262	26	
ǃʱ	!ʱ	178	2	
ǃˀ	!ˀ	255	24	
ǃˀʰ	!ˀʰ	231	1	
ɐ	ɐ	145	83	
ɑ	ɑ	139	113	
ɑ̯	ɑ̯	427	1	
ɒ	ɒ	134	40	
ɓ	ɓ	602	138	
ɓʱ	ɓ̤	605	1	
ɓʷ	ɓʷ	671	2	
ɔ	ɔ	137	653	
ɔ̤	ɔ̤	127	3	
ɗ	ɗ	697	106	
ɗʱ	ɗ̤	584	1	
ə	ə	148	600	
ə̤	ə̤	153	1	
ə̯	ə̯	417	1	
ɛ	ɛ	410	706	
ɛ̤	ɛ̤	409	3	
ɟ	ɟ	606	205	
ɟʱ	ɟ̤	571	3	
ɠ	ɠ	639	14	
ɠʱ	ɠ̤	650	1	
ɣ	ɣ	303	328	
ɣʷ	ɣʷ	295	11	
ɤ	ɤ	131	44	
ɥ	ɥ	432	24	
ɦ	ɦ	354	44	
ɨ	ɨ	150	292	
ɨ̤	ɨ̤	144	2	
ɨ̯	ɨ̯	422	2	
ɬ	ɬ	444	165	
ɬʰ	ɬʰ	434	1	
ɬˀ	ɬˀ	440	6	
ɬː	ɬː	445	1	
ɬ̪	ɬ̪	457	1	
ɮ	ɮ	454	19	
ɯ	ɯ	128	113	
ɯ̌	ɯ̌	138	1	
ɯ̯	ɯ̯	425	4	
ɱ	ɱ	534	1	
ɵ	ɵ	152	22	
ɸ	ɸ	394	100	
ɸʲ	ɸʲ	368	1	
ɸʷ	ɸʷ	341	2	
ɸˀ	ɸˀ	332	1	
ɸˢ	ɸˢ	304	1	
ɹ	ɹ	715	22	
ɹ̥	ɹ̥	716	1	
ɽ	ṛ	707	57	
ɽ̥	ṛ̥	735	2	
ɾ	ɾ	720	465	
ɾʱ	ɾ̤	723	2	
ɾ̥	ɾ̥	734	7	
ʁ	ʁ	725	8	
ʁʷ	ʁʷ	344	3	
ʁˀ	ʁˀ	359	0	
ʂ	ṣ̌	357	42	Distinction between ṣ̌ and ṣ not clear from source. @lingulist 
ʂ	ṣ	363	61	Distinction between ṣ̌ and ṣ not clear from source. @lingulist
ʂˀ	ṣˀ	339	3	
ʃ	š	321	778	
ʃʰ	šʰ	377	3	
ʃʲ	šʲ	302	2	
ʃʷ	šʷ	309	1	
ʃˀ	šˀ	356	11	
ʃˀː	šːˀ	301	3	
ʄ	ʄ	566	17	
ʈ	ṭ	628	222	
ʈʂ	c̣	475	1	
ʈʂ	č̣	29	26	Sound not found in source description. @lingulist
ʈʂ	ṭˢ	61	24	
ʈʂʰ	č̣ʰ	73	4	
ʈʂʰ	ṭˢʰ	99	16	
ʈʂˀ	č̣ˀ	32	7	
ʈʂˀ	ṭˢˀ	31	5	
ʈʂː	c̣ː	478	1	
ʈʰ	ṭʰ	674	75	
ʈʳ	ṭʳ	42	3	
ʈˀ	ṭˀ	656	14	
ʉ	ʉ	146	31	
ʊ	ʊ	143	279	
ʊ̤	ʊ̤	141	2	
ʌ	ʌ	129	14	
ʎ	ʎ	450	126	
ʎ̥	ʎ̥	463	4	
ʐ	ẓ̌	392	15	
ʐ	ẓ	395	19	
ʒ	ž	389	291	
ʒʱ	žʱ	379	1	
ʔ	ʔ	564	898	
ʔʰ	ʔʰ	646	1	
ʔʲ	ʔʲ	686	1	
ʔʷ	ʔʷ	592	3	
ʕ	ʕ	305	60	
ʕʷ	ʕʷ	327	5	
ʕʷˀ	ʕˀʷ	396	5	
ʕˀ	ʕˀ	340	4	
ʘ	ʘ	247	5	
ʘʰ	ʘʰ	291	3	
ʘʱ	ʘʱ	221	1	
ʘˀ	ʘˀ	292	3	
ʮ	ʮ	345	116	
ʮˀ	ʮˀ	374	1	
ʮː	ʮː	307	1	
ʯ	ʯ	365	140	
ʯˀ	ʯˀ	316	2	
ʰcⁿ	ʰcᴺ	479	1	
ʰd	ʰd	615	1	
ʰk	ʰk	622	3	
ʰp	ʰp	630	3	
ʰt	ʰt	633	3	
ʰtˢ	ʰtˢ	53	2	
ˀb	ˀb	604	42	
ˀbˡ	ˀbˡ	70	2	
ˀc	ˀc	466	3	
ˀd	ˀd	607	22	
ˀd̪	ˀd̪	647	1	
ˀh	ˀh	317	1	
ˀj	ˀj	421	53	
ˀk	ˀk	613	1	
ˀl	ˀl	446	31	
ˀm	ˀm	532	41	
ˀn	ˀn	535	40	
ˀn̪	ˀn̪	522	0	
ˀp	ˀp	620	1	
ˀr	ˀr	719	9	
ˀs̪	ˀs̪	361	1	
ˀt	ˀt	624	2	
ˀt̪ʰ	ˀt̪ʰ	694	2	
ˀv	ˀv	323	1	
ˀw	ˀw	428	41	
ˀz	ˀz	325	0	
ˀð	ˀð	335	2	
ˀŋ	ˀŋ	552	6	
ˀŋʷ	ˀŋʷ	526	1	
ˀɟ	ˀɟ	636	3	
ˀɣ	ˀɣ	314	1	
ˀɾ	ˀɾ	737	4	
ˀʁ	ˀʁ	364	0	
ˀʁʷ	ˀʁʷ	358	0	
β	β	336	203	
βʲ	βʲ	315	1	
βʷ	βʷ	373	3	
ⁿc	ᴺc	477	200	
ⁿd	ⁿd	581	174	
ⁿdʲ	ⁿdʲ	600	3	
ⁿdˡ	ⁿdˡ	79	1	
ⁿd̪	ⁿd̪	687	1	
ⁿg	ᵑɡ	598	164	
ⁿgʷ	ᵑɡʷ	688	6	
ⁿk	ᵑk	659	4	
ⁿkʰ	ᵑkʰ	672	1	
ⁿkʷ	ᵑkʷ	629	0	
ⁿs	ⁿs	308	0	
ⁿt	ⁿt	596	2	
ⁿtʰ	ⁿtʰ	595	1	
ⁿtˡˀ	ⁿtˡˀ	55	1	
ⁿtˢ	ⁿtˢ	122	1	
ⁿtˢʰ	ⁿtˢʰ	66	1	
ⁿz	ⁿz	312	12	
ⁿǁ	ᵑǁ	275	1	
ⁿǃ	ᵑ!	179	1	
ⁿɾ	ⁿɾ	705	1	
ⱱ	v̆	501	2	
